Date	rstar	g	z	Output gap
1/1/61	5.0812	4.8078	0.0026	-3.7458
4/1/61	5.2904	5.0005	0.0083	-3.4350
7/1/61	5.2548	4.9645	0.0106	-2.7135
10/1/61	5.2515	4.9639	0.0081	-2.0287
1/1/62	5.1039	4.8221	0.0102	-1.2255
4/1/62	4.6139	4.3668	0.0012	-0.6352
7/1/62	4.5049	4.2658	-0.0011	-0.2849
10/1/62	4.0728	3.8736	-0.0189	-0.1275
1/1/63	4.0603	3.8588	-0.0158	0.0462
4/1/63	4.0267	3.8253	-0.0141	0.3040
7/1/63	4.3319	4.1036	-0.0028	0.7135
10/1/63	4.0741	3.8592	-0.0025	1.1411
1/1/64	4.3582	4.1231	0.0029	1.3836
4/1/64	4.2777	4.0602	-0.0111	1.5993
7/1/64	4.3730	4.1539	-0.0149	1.7722
10/1/64	4.1344	3.9442	-0.0319	1.7710
1/1/65	4.4895	4.2631	-0.0137	2.0009
4/1/65	4.4580	4.2380	-0.0186	2.2717
7/1/65	4.6894	4.4533	-0.0146	2.5447
10/1/65	4.8879	4.6392	-0.0125	2.9420
1/1/66	5.1019	4.8173	0.0134	3.5315
4/1/66	4.8653	4.5624	0.0459	3.8833
7/1/66	4.8540	4.5269	0.0722	3.8372
10/1/66	4.8403	4.4984	0.0885	3.7064
1/1/67	4.8064	4.5283	0.0230	3.0984
4/1/67	4.6240	4.3578	0.0208	2.7780
7/1/67	4.6709	4.3663	0.0587	2.7230
10/1/67	4.6301	4.3006	0.0873	2.7743
1/1/68	4.8551	4.4670	0.1365	3.1314
4/1/68	4.9394	4.5205	0.1643	3.5201
7/1/68	4.8497	4.4348	0.1651	3.5528
10/1/68	4.7390	4.3256	0.1698	3.3469
1/1/69	4.8685	4.4550	0.1625	3.2065
4/1/69	4.7082	4.2939	0.1724	3.1598
7/1/69	4.6634	4.2607	0.1627	2.8662
10/1/69	4.3931	4.0363	0.1295	2.2359
1/1/70	4.2514	3.9301	0.0999	1.4746
4/1/70	4.1736	3.8635	0.0924	0.9160
7/1/70	4.2113	3.9194	0.0711	0.5509
10/1/70	3.8538	3.5386	0.1159	0.3578
1/1/71	4.2566	3.9093	0.1272	0.4940
4/1/71	4.0326	3.7198	0.1033	0.8544
7/1/71	3.8869	3.6484	0.0331	0.8776
10/1/71	3.5908	3.5103	-0.1172	0.4248
1/1/72	3.7471	3.6715	-0.1312	0.5963
4/1/72	3.8537	3.8551	-0.2186	0.8570
7/1/72	3.7217	3.7544	-0.2442	1.2245
10/1/72	3.7778	3.8594	-0.2989	1.3281
1/1/73	3.9967	4.0880	-0.3215	1.7118
4/1/73	4.0254	4.0205	-0.2216	2.3308
7/1/73	3.7470	3.7466	-0.2106	2.0699
10/1/73	3.8700	3.8430	-0.1895	1.6926
1/1/74	3.6484	3.5700	-0.1227	1.2706
4/1/74	3.7619	3.5368	0.0260	1.1271
7/1/74	3.6028	3.2375	0.1830	1.0276
10/1/74	3.4406	3.1079	0.1576	0.3556
1/1/75	2.9773	2.8109	0.0081	-0.6545
4/1/75	2.8700	2.8799	-0.1720	-1.3803
7/1/75	2.9802	3.0112	-0.2006	-1.0637
10/1/75	3.0061	3.0179	-0.1817	-0.4650
1/1/76	3.1647	3.2030	-0.2188	0.0822
4/1/76	2.8902	3.0948	-0.3790	0.1369
7/1/76	2.8166	2.9823	-0.3336	0.5208
10/1/76	2.7851	2.9368	-0.3171	0.7377
1/1/77	2.8424	2.9653	-0.2899	1.1146
4/1/77	2.9609	3.1178	-0.3326	1.5127
7/1/77	3.0830	3.1984	-0.2956	2.2379
10/1/77	2.7782	2.9866	-0.3766	2.2197
1/1/78	2.6885	2.9168	-0.3926	2.0727
4/1/78	3.3587	3.4795	-0.3167	2.7589
7/1/78	3.2725	3.3936	-0.3123	3.2868
10/1/78	3.3792	3.4600	-0.2756	3.5525
1/1/79	3.0856	3.3803	-0.4851	2.7807
4/1/79	3.2358	3.2860	-0.2353	2.9967
7/1/79	3.2727	3.3734	-0.2906	2.4048
10/1/79	3.2428	3.3233	-0.2676	2.0854
1/1/80	3.3667	3.3092	-0.1289	1.9216
4/1/80	2.8945	2.9172	-0.1870	0.6601
7/1/80	2.9463	2.9675	-0.1883	-0.4178
10/1/80	3.3752	3.2446	-0.0521	-0.2812
1/1/81	3.5937	3.4673	-0.0689	-0.1906
4/1/81	3.2157	3.2402	-0.2070	-1.0594
7/1/81	3.4669	3.4859	-0.2154	-1.8037
10/1/81	3.1694	3.2796	-0.2949	-3.0018
1/1/82	2.7619	3.0456	-0.4552	-4.6559
4/1/82	2.8301	3.1624	-0.5104	-5.5999
7/1/82	2.8019	3.0203	-0.3885	-5.8890
10/1/82	2.7093	2.9644	-0.4221	-6.4191
1/1/83	2.8168	3.0637	-0.4194	-6.2932
4/1/83	2.8382	3.2800	-0.6266	-6.1945
7/1/83	3.1663	3.3205	-0.3412	-4.6539
10/1/83	3.0963	3.4596	-0.5582	-4.4733
1/1/84	3.2306	3.5328	-0.5011	-3.6203
4/1/84	3.3728	3.5826	-0.4116	-2.8398
7/1/84	3.2726	3.5394	-0.4662	-2.6878
10/1/84	3.1747	3.5273	-0.5513	-2.8664
1/1/85	3.4831	3.5079	-0.2223	-2.0581
4/1/85	3.3649	3.5172	-0.3504	-2.3482
7/1/85	3.5297	3.5984	-0.2714	-1.9250
10/1/85	3.3152	3.5470	-0.4315	-2.1605
1/1/86	3.3809	3.5324	-0.3505	-1.8966
4/1/86	3.1724	3.4641	-0.4868	-2.2839
7/1/86	3.1919	3.4818	-0.4860	-2.2758
10/1/86	3.1583	3.3938	-0.4266	-2.1015
1/1/87	3.0170	3.3824	-0.5559	-2.4057
4/1/87	3.1332	3.3938	-0.4517	-2.0324
7/1/87	3.1165	3.3682	-0.4413	-1.8824
10/1/87	3.3192	3.4950	-0.3727	-1.4639
1/1/88	3.1870	3.3819	-0.3854	-1.3368
4/1/88	3.3890	3.4346	-0.2390	-0.8387
7/1/88	3.3562	3.3435	-0.1756	-0.5841
10/1/88	3.4530	3.4278	-0.1679	-0.4614
1/1/89	3.4840	3.4387	-0.1483	-0.3195
4/1/89	3.3848	3.4439	-0.2531	-0.6379
7/1/89	3.3041	3.4721	-0.3635	-1.0933
10/1/89	3.2645	3.3887	-0.3150	-1.2990
1/1/90	3.4912	3.4752	-0.1797	-1.1977
4/1/90	3.4496	3.3925	-0.1340	-1.2472
7/1/90	3.3363	3.2714	-0.1193	-1.4565
10/1/90	2.9003	3.0125	-0.2819	-2.3229
1/1/91	2.6719	2.8724	-0.3623	-3.0621
4/1/91	2.7556	2.9269	-0.3362	-3.2013
7/1/91	2.7844	2.8506	-0.2268	-2.8846
10/1/91	2.6539	2.7587	-0.2602	-2.8968
1/1/92	2.7026	2.8180	-0.2741	-2.6884
4/1/92	2.6931	2.8097	-0.2748	-2.2785
7/1/92	2.5682	2.7897	-0.3786	-2.0967
10/1/92	2.5937	2.7627	-0.3246	-1.5373
1/1/93	2.4246	2.5827	-0.3035	-1.2121
4/1/93	2.3962	2.5197	-0.2654	-0.9242
7/1/93	2.2350	2.4494	-0.3524	-0.9196
10/1/93	2.2970	2.5383	-0.3843	-0.6393
1/1/94	2.2376	2.5274	-0.4321	-0.3453
4/1/94	2.3957	2.5860	-0.3360	0.2784
7/1/94	2.2646	2.5268	-0.4045	0.3581
10/1/94	2.2949	2.6113	-0.4636	0.3782
1/1/95	2.2116	2.5428	-0.4744	0.3685
4/1/95	2.1627	2.5093	-0.4879	0.1573
7/1/95	2.2040	2.5976	-0.5400	-0.1142
10/1/95	2.2601	2.6213	-0.5088	-0.1373
1/1/96	2.2603	2.6668	-0.5567	-0.3374
4/1/96	2.4995	2.8600	-0.5216	-0.1562
7/1/96	2.5120	2.8732	-0.5230	-0.0404
10/1/96	2.6448	2.9242	-0.4440	0.1861
1/1/97	2.5601	2.9210	-0.5254	-0.0326
4/1/97	2.8371	3.0939	-0.4310	0.2788
7/1/97	2.8089	3.1763	-0.5463	0.1699
10/1/97	2.8192	3.1840	-0.5441	0.1952
1/1/98	2.8809	3.2419	-0.5437	0.1379
4/1/98	2.9575	3.2792	-0.5064	0.1471
7/1/98	3.1439	3.3729	-0.4190	0.3119
10/1/98	3.3211	3.5207	-0.3979	0.4375
1/1/99	3.2963	3.5272	-0.4295	0.4072
4/1/99	3.3412	3.5203	-0.3774	0.4798
7/1/99	3.4246	3.6165	-0.3956	0.4517
10/1/99	3.6120	3.7399	-0.3385	0.7205
1/1/00	3.5118	3.6201	-0.3122	0.7337
4/1/00	3.6334	3.8296	-0.4119	0.5144
7/1/00	3.5020	3.6635	-0.3678	0.4843
10/1/00	3.5147	3.6594	-0.3508	0.2122
1/1/01	3.3961	3.4733	-0.2728	-0.0560
4/1/01	3.3780	3.5058	-0.3253	-0.5405
7/1/01	3.0839	3.3006	-0.4027	-1.0312
10/1/01	3.1144	3.2165	-0.2833	-0.9933
1/1/02	3.0808	3.2175	-0.3180	-1.0302
4/1/02	3.0990	3.1183	-0.1950	-0.5610
7/1/02	2.9669	3.0001	-0.2021	-0.4156
10/1/02	2.7148	2.8548	-0.3008	-0.5615
1/1/03	2.5811	2.7963	-0.3727	-0.6124
4/1/03	2.5557	2.7827	-0.3837	-0.3877
7/1/03	2.7608	2.8823	-0.2839	0.2925
10/1/03	2.7661	2.8677	-0.2631	0.8278
1/1/04	2.6828	2.7614	-0.2341	1.2056
4/1/04	2.6506	2.7295	-0.2326	1.4333
7/1/04	2.5337	2.7454	-0.3663	1.3896
10/1/04	2.5858	2.7505	-0.3197	1.7767
1/1/05	2.6931	2.7748	-0.2379	2.2259
4/1/05	2.5327	2.7156	-0.3358	2.1191
7/1/05	2.4645	2.7439	-0.4339	1.9224
10/1/05	2.5023	2.7141	-0.3647	2.0451
1/1/06	2.6493	2.8531	-0.3645	2.0779
4/1/06	2.6777	2.7560	-0.2336	2.2879
7/1/06	2.4963	2.7174	-0.3742	1.6779
10/1/06	2.5016	2.8170	-0.4741	1.2321
1/1/07	2.5590	2.7620	-0.3585	1.2771
4/1/07	2.4541	2.8118	-0.5161	0.6980
7/1/07	2.4675	2.8237	-0.5153	0.5174
10/1/07	2.5717	2.8303	-0.4180	0.5772
1/1/08	2.2399	2.6645	-0.5746	-0.0838
4/1/08	2.1374	2.7100	-0.7252	-0.6226
7/1/08	1.8577	2.4807	-0.7627	-0.8600
10/1/08	1.0019	2.0147	-1.1263	-2.2271
1/1/09	0.7986	1.7728	-1.0741	-2.6930
4/1/09	0.9515	1.6462	-0.7874	-2.2486
7/1/09	0.9192	1.6050	-0.7762	-2.1045
10/1/09	1.1596	1.6467	-0.5798	-1.2781
1/1/10	0.9756	1.5816	-0.6951	-1.1132
4/1/10	0.9508	1.6187	-0.7591	-0.8232
7/1/10	0.8539	1.6117	-0.8485	-0.5831
10/1/10	0.8298	1.5576	-0.8155	-0.1617
1/1/11	0.6659	1.3874	-0.7997	0.0043
4/1/11	0.7871	1.4182	-0.7110	0.3470
7/1/11	0.6282	1.3094	-0.7549	0.3836
10/1/11	0.7346	1.4302	-0.7761	0.5930
1/1/12	0.9051	1.4357	-0.6115	1.3300
4/1/12	0.7733	1.4069	-0.7129	1.3708
7/1/12	0.6242	1.3421	-0.7934	1.3158
10/1/12	0.6073	1.2786	-0.7433	1.4677
1/1/13	0.6926	1.3902	-0.7760	1.5714
4/1/13	0.5752	1.3401	-0.8405	1.6052
7/1/13	0.7286	1.4035	-0.7539	1.9820
10/1/13	0.8193	1.4579	-0.7207	2.3118
1/1/14	0.5510	1.3032	-0.8256	2.1167
4/1/14	0.8154	1.4776	-0.7454	2.4279
7/1/14	0.9233	1.5887	-0.7549	2.7503
10/1/14	0.8328	1.5683	-0.8239	2.8304
1/1/15	0.8690	1.6463	-0.8699	2.9049
4/1/15	1.0581	1.6367	-0.6707	3.4969
7/1/15	1.0219	1.6262	-0.6959	3.4910
10/1/15	0.9535	1.5901	-0.7262	3.3790
1/1/16	1.1197	1.6202	-0.5917	3.6554
4/1/16	1.2128	1.5928	-0.4697	3.9042
7/1/16	1.2381	1.6653	-0.5211	3.7980
10/1/16	1.1928	1.6958	-0.5985	3.6640
1/1/17	1.2264	1.7047	-0.5743	3.7275
4/1/17	1.1464	1.7484	-0.7005	3.4458
7/1/17	1.1827	1.8232	-0.7432	3.3846
10/1/17	1.3689	1.9381	-0.6784	3.6437
1/1/18	1.5011	1.9772	-0.5875	3.9494
4/1/18	1.4861	1.9909	-0.6169	3.8726
7/1/18	1.4208	2.0505	-0.7452	3.5083
10/1/18	1.3915	2.0074	-0.7289	3.3590
1/1/19	1.4143	2.0650	-0.7669	3.0745
4/1/19	1.5491	2.1509	-0.7229	3.0733
7/1/19	1.6447	2.2829	-0.7668	2.9920
10/1/19	1.6200	2.3034	-0.8132	2.8888
1/1/20	1.5877	2.2536	-0.7928	2.8205
4/1/20	1.5548	2.2304	-0.8012	-0.7469
7/1/20	1.6146	2.2748	-0.7884	5.4787
10/1/20	1.5977	2.2621	-0.7919	6.1742
1/1/21	1.7181	2.2913	-0.7023	6.8259
4/1/21	1.8117	2.2358	-0.5500	7.2613
7/1/21	1.8020	2.2367	-0.5606	6.9816
10/1/21	2.0508	2.4255	-0.5113	7.2546
1/1/22	1.7579	2.1347	-0.4970	6.8180
4/1/22	1.4621	1.9690	-0.6177	5.4729
7/1/22	1.5953	2.0859	-0.6080	4.9632
10/1/22	1.5498	2.0603	-0.6265	4.7762
1/1/23	1.5392	2.0402	-0.6159	4.6591
4/1/23	1.3794	2.0631	-0.7999	3.9204
7/1/23	1.2650	2.2687	-1.1315	2.6477
10/1/23	1.1636	2.3384	-1.3065	1.9561
1/1/24	1.2311	2.2853	-1.1829	1.9429
4/1/24	1.2160	2.3575	-1.2743	1.2877